date,total_mcap_usd,binance_assets_usd,binance_market_share_pct
2025-01-21,3569070000000.0,159060000000.0,4.457
2025-01-22,3510230000000.0,162770000000.0,4.637
2025-01-23,3513190000000.0,161460000000.0,4.596
2025-01-24,3524290000000.0,161650000000.0,4.587
2025-01-25,3528510000000.0,161560000000.0,4.579
2025-01-26,3447050000000.0,161810000000.0,4.694
2025-01-27,3423720000000.0,158740000000.0,4.636
2025-01-28,3370220000000.0,157200000000.0,4.664
2025-01-29,3433450000000.0,154400000000.0,4.497
2025-01-30,3500820000000.0,157360000000.0,4.495
2025-01-31,3452780000000.0,159420000000.0,4.617
2025-02-01,3341320000000.0,157710000000.0,4.72
2025-02-02,3185770000000.0,153350000000.0,4.814
2025-02-03,3288740000000.0,143130000000.0,4.352
2025-02-04,3160490000000.0,150960000000.0,4.776
2025-02-05,3121360000000.0,145070000000.0,4.648
2025-02-06,3091250000000.0,143520000000.0,4.643
2025-02-07,3089310000000.0,142240000000.0,4.604
2025-02-08,3105240000000.0,142240000000.0,4.581
2025-02-09,3101250000000.0,143330000000.0,4.622
2025-02-10,3137090000000.0,144120000000.0,4.594
2025-02-11,3098950000000.0,144430000000.0,4.661
2025-02-12,3180270000000.0,143610000000.0,4.516
2025-02-13,3141260000000.0,147870000000.0,4.707
2025-02-14,3187290000000.0,146220000000.0,4.588
2025-02-15,3179540000000.0,147210000000.0,4.63
2025-02-16,3138690000000.0,147140000000.0,4.688
2025-02-17,3130600000000.0,146370000000.0,4.676
2025-02-18,3094890000000.0,145720000000.0,4.708
2025-02-19,3135160000000.0,144130000000.0,4.597
2025-02-20,3182920000000.0,146340000000.0,4.598
2025-02-21,3107920000000.0,147390000000.0,4.742
2025-02-22,3139170000000.0,145110000000.0,4.623
2025-02-23,3136510000000.0,148120000000.0,4.723
2025-02-24,2933250000000.0,147270000000.0,5.021
2025-02-25,2880730000000.0,139100000000.0,4.829
2025-02-26,2753410000000.0,139140000000.0,5.053
2025-02-27,2760540000000.0,135470000000.0,4.907
2025-02-28,2744230000000.0,135250000000.0,4.929
2025-03-01,2785730000000.0,134389999999.99998,4.824
2025-03-02,3093560000000.0,135720000000.0,4.387
2025-03-03,2780960000000.0,145930000000.0,5.247
2025-03-04,2823050000000.0,135060000000.0,4.784
2025-03-05,2917510000000.0,136120000000.0,4.666
2025-03-06,2897540000000.0,139150000000.0,4.802
2025-03-07,2804500000000.0,138660000000.0,4.944
2025-03-08,2790850000000.0,134979999999.99998,4.837
2025-03-09,2612020000000.0,134490000000.00002,5.149
2025-03-10,2522110000000.0,128120000000.0,5.08
2025-03-11,2641830000000.0,124860000000.0,4.726
2025-03-12,2671220000000.0,129199999999.99998,4.837
2025-03-13,2608600000000.0,130009999999.99998,4.984
2025-03-14,2691390000000.0,129289999999.99998,4.804
2025-03-15,2717710000000.0,131919999999.99998,4.854
2025-03-16,2652720000000.0,133570000000.0,5.035
2025-03-17,2701880000000.0,131370000000.0,4.862
2025-03-18,2669980000000.0,132889999999.99998,4.977
2025-03-19,2797020000000.0,131949999999.99998,4.718
2025-03-20,2720980000000.0,139690000000.0,5.134
2025-03-21,2708960000000.0,138830000000.0,5.125
2025-03-22,2707690000000.0,139260000000.0,5.143
2025-03-23,2764550000000.0,138910000000.0,5.025
2025-03-24,2819740000000.0,140440000000.0,4.981
2025-03-25,2821670000000.0,141750000000.0,5.024
2025-03-26,2791700000000.0,141320000000.0,5.062
2025-03-27,2802890000000.0,140560000000.0,5.015
2025-03-28,2701610000000.0,141280000000.0,5.229
2025-03-29,2636060000000.0,137690000000.0,5.224
2025-03-30,2626690000000.0,135039999999.99998,5.141
2025-03-31,2629100000000.0,134030000000.0,5.098
2025-04-01,2703080000000.0,133080000000.00002,4.923
2025-04-02,2608610000000.0,135070000000.0,5.178
2025-04-03,2627700000000.0,130710000000.00002,4.974
2025-04-04,2650180000000.0,132160000000.0,4.987
2025-04-05,2638310000000.0,133259999999.99998,5.051
2025-04-06,2456940000000.0,132740000000.00002,5.403
2025-04-07,2471860000000.0,125040000000.0,5.059
2025-04-08,2390260000000.0,126690000000.0,5.3
2025-04-09,2589880000000.0,123500000000.0,4.769
2025-04-10,2498270000000.0,131270000000.00002,5.254
2025-04-11,2596960000000.0,128560000000.0,4.95
2025-04-12,2670510000000.0,132650000000.0,4.967
2025-04-13,2615970000000.0,135680000000.0,5.187
2025-04-14,2635520000000.0,133229999999.99998,5.055
2025-04-15,2600760000000.0,133820000000.0,5.145
2025-04-16,2608960000000.0,131690000000.0,5.048
2025-04-17,2633820000000.0,131789999999.99998,5.004
2025-04-18,2626270000000.0,132880000000.0,5.06
2025-04-19,2651200000000.0,133160000000.0,5.023
2025-04-20,2647840000000.0,134110000000.00002,5.065
2025-04-21,2695860000000.0,135050000000.00002,5.009
2025-04-22,2873200000000.0,135270000000.00002,4.708
2025-04-23,2889110000000.0,142280000000.0,4.925
2025-04-24,2898030000000.0,141980000000.0,4.899
2025-04-25,2914370000000.0,141500000000.0,4.855
2025-04-26,2923580000000.0,139740000000.0,4.78
2025-04-27,2897000000000.0,140440000000.0,4.848
2025-04-28,2930640000000.0,138950000000.0,4.741
2025-04-29,2905800000000.0,142700000000.0,4.911
2025-04-30,2900050000000.0,141680000000.0,4.885
2025-05-01,2959810000000.0,141030000000.0,4.765
2025-05-02,2968400000000.0,143200000000.0,4.824
2025-05-03,2936380000000.0,142820000000.0,4.864
2025-05-04,2891080000000.0,141520000000.0,4.895
2025-05-05,2902310000000.0,139250000000.0,4.798
2025-05-06,2945990000000.0,141300000000.0,4.796
2025-05-07,2948380000000.0,143390000000.0,4.863
2025-05-08,3182840000000.0,142480000000.0,4.477
2025-05-09,3213970000000.0,150080000000.0,4.67
2025-05-10,3318720000000.0,154790000000.0,4.664
2025-05-11,3275110000000.0,157930000000.0,4.822
2025-05-12,3261200000000.0,156730000000.0,4.806
2025-05-13,3326100000000.0,155370000000.0,4.671
2025-05-14,3285650000000.0,158220000000.0,4.815
2025-05-15,3257100000000.0,156610000000.0,4.808
2025-05-16,3245320000000.0,154740000000.0,4.768
2025-05-17,3220380000000.0,154400000000.0,4.795
2025-05-18,3313060000000.0,153100000000.0,4.621
2025-05-19,3284580000000.0,155900000000.0,4.746
2025-05-20,3311510000000.0,155490000000.0,4.695
2025-05-21,3389450000000.0,154910000000.0,4.57
2025-05-22,3468430000000.0,158260000000.0,4.563
2025-05-23,3326760000000.0,161160000000.0,4.844
2025-05-24,3342480000000.0,155960000000.0,4.666
2025-05-25,3374150000000.0,156110000000.0,4.627
2025-05-26,3381380000000.0,157160000000.0,4.648
2025-05-27,3388970000000.0,156940000000.0,4.631
2025-05-28,3361380000000.0,157160000000.0,4.676
2025-05-29,3294260000000.0,156140000000.0,4.74
2025-05-30,3212520000000.0,153840000000.0,4.789
2025-05-31,3229510000000.0,148700000000.0,4.604
2025-06-01,3257510000000.0,149590000000.0,4.592
2025-06-02,3275060000000.0,150390000000.0,4.592
2025-06-03,3265330000000.0,151590000000.0,4.643
2025-06-04,3244620000000.0,151280000000.0,4.662
2025-06-05,3126810000000.0,150270000000.0,4.806
2025-06-06,3204950000000.0,144970000000.0,4.523
2025-06-07,3249020000000.0,147740000000.0,4.547
2025-06-08,3256430000000.0,149230000000.0,4.583
2025-06-09,3392200000000.0,149140000000.0,4.397
2025-06-10,3422040000000.0,154650000000.0,4.519
2025-06-11,3369140000000.0,155690000000.0,4.621
2025-06-12,3267520000000.0,154230000000.0,4.72
2025-06-13,3259990000000.0,147410000000.0,4.522
2025-06-14,3231750000000.0,148850000000.0,4.606
2025-06-15,3245610000000.0,147950000000.0,4.559
2025-06-16,3271490000000.0,148450000000.0,4.538
2025-06-17,3208040000000.0,148720000000.0,4.636
2025-06-18,3216010000000.0,147030000000.0,4.572
2025-06-19,3210300000000.0,147020000000.0,4.58
2025-06-20,3152940000000.0,146750000000.0,4.654
2025-06-21,3099990000000.0,144390000000.0,4.658
2025-06-22,3055720000000.0,142720000000.0,4.671
2025-06-23,3206510000000.0,140960000000.0,4.396
2025-06-24,3233280000000.0,146330000000.0,4.526
2025-06-25,3249080000000.0,147470000000.0,4.539
2025-06-26,3227920000000.0,148240000000.0,4.593
2025-06-27,3238130000000.0,147570000000.0,4.557
2025-06-28,3257280000000.0,147880000000.0,4.54
2025-06-29,3298080000000.0,148860000000.0,4.513
2025-06-30,3268350000000.0,150700000000.0,4.611
2025-07-01,3209350000000.0,149490000000.0,4.658
2025-07-02,3316590000000.0,147140000000.0,4.436
2025-07-03,3340480000000.0,150630000000.0,4.509
2025-07-04,3281120000000.0,151730000000.0,4.624
2025-07-05,3288000000000.0,149260000000.0,4.54
2025-07-06,3326980000000.0,149340000000.0,4.489
2025-07-07,3298770000000.0,150520000000.0,4.563
2025-07-08,3329470000000.0,149140000000.0,4.479
2025-07-09,3417220000000.0,149880000000.0,4.386
2025-07-10,3568490000000.0,153180000000.0,4.292
2025-07-11,3618390000000.0,166950000000.0,4.614
2025-07-12,3612830000000.0,169280000000.0,4.686
2025-07-13,3667670000000.0,169110000000.0,4.611
2025-07-14,3696700000000.0,171830000000.0,4.648
2025-07-15,3675430000000.0,172390000000.0,4.69
2025-07-16,3744040000000.0,172880000000.0,4.618
2025-07-17,3810670000000.0,177270000000.0,4.652
2025-07-18,3794790000000.0,180350000000.0,4.753
2025-07-19,3806510000000.0,180880000000.0,4.752
2025-07-20,3836010000000.0,181370000000.0,4.728
2025-07-21,3857580000000.0,184740000000.0,4.789
2025-07-22,3919780000000.0,185720000000.0,4.738
2025-07-23,3820520000000.0,187540000000.0,4.909
2025-07-24,3809860000000.0,182780000000.0,4.798
2025-07-25,3812300000000.0,178820000000.0,4.69
2025-07-26,3824200000000.0,182480000000.0,4.772
2025-07-27,3894080000000.0,183280000000.0,4.707
2025-07-28,3827010000000.0,186910000000.0,4.884
2025-07-29,3817740000000.0,184460000000.0,4.832
2025-07-30,3806080000000.0,182710000000.0,4.8
2025-07-31,3731700000000.0,181820000000.0,4.872
2025-08-01,3633560000000.0,177860000000.0,4.895
2025-08-02,3581420000000.0,174230000000.0,4.865
2025-08-03,3655180000000.0,171300000000.0,4.686
2025-08-04,3727490000000.0,174820000000.0,4.69
2025-08-05,3672750000000.0,178550000000.0,4.861
2025-08-06,3709990000000.0,175810000000.0,4.739
2025-08-07,3833020000000.0,177660000000.0,4.635
2025-08-08,3836700000000.0,183980000000.0,4.795
2025-08-09,3871840000000.0,185250000000.0,4.785
2025-08-10,3926450000000.0,187780000000.0,4.782
2025-08-11,3890870000000.0,189490000000.0,4.87
2025-08-12,4006060000000.0,188320000000.0,4.701
2025-08-13,4113620000000.0,193770000000.0,4.711
2025-08-14,3951770000000.0,198730000000.0,5.029
2025-08-15,3913760000000.0,191440000000.0,4.892
2025-08-16,3921240000000.0,189480000000.0,4.832
2025-08-17,3936630000000.0,189530000000.0,4.814
2025-08-18,3874310000000.0,190270000000.0,4.911
2025-08-19,3741510000000.0,188520000000.0,5.039
2025-08-20,3833370000000.0,183410000000.0,4.784
2025-08-21,3762360000000.0,187760000000.0,4.991
2025-08-22,3987300000000.0,185250000000.0,4.646
2025-08-23,3944720000000.0,195140000000.0,4.947
2025-08-24,3899010000000.0,194010000000.0,4.976
2025-08-25,3729800000000.0,191200000000.0,5.126
2025-08-26,3824310000000.0,183430000000.0,4.797
2025-08-27,3800640000000.0,189260000000.0,4.98
2025-08-28,3846530000000.0,188990000000.0,4.913
2025-08-29,3713600000000.0,187720000000.0,5.055
2025-08-30,3727570000000.0,182490000000.0,4.896
2025-08-31,3710780000000.0,183280000000.0,4.939
2025-09-01,3710200000000.0,182320000000.0,4.914
2025-09-02,3782530000000.0,181680000000.0,4.803
2025-09-03,3812030000000.0,183910000000.0,4.824
2025-09-04,3753570000000.0,185470000000.0,4.941
2025-09-05,3761580000000.0,187490000000.0,4.984
2025-09-06,3744530000000.0,186820000000.0,4.989
2025-09-07,3787680000000.0,186890000000.0,4.934
2025-09-08,3826710000000.0,190710000000.0,4.984
2025-09-09,3819810000000.0,193120000000.0,5.056
2025-09-10,3890180000000.0,192560000000.0,4.95
2025-09-11,3948200000000.0,193480000000.0,4.901
2025-09-12,4015010000000.0,196890000000.0,4.904
2025-09-13,4016890000000.0,200720000000.0,4.997
2025-09-14,3976270000000.0,201120000000.0,5.058
2025-09-15,3954060000000.0,198890000000.0,5.03
2025-09-16,3993530000000.0,197100000000.0,4.935
2025-09-17,4022710000000.0,199600000000.0,4.962
2025-09-18,4040500000000.0,202190000000.0,5.004
2025-09-19,3972150000000.0,202180000000.0,5.09
2025-09-20,3984190000000.0,199660000000.0,5.011
2025-09-21,3962440000000.0,201560000000.0,5.087
2025-09-22,3838390000000.0,202320000000.0,5.271
2025-09-23,3818000000000.0,197160000000.0,5.164
2025-09-24,3850090000000.0,197070000000.0,5.118
2025-09-25,3677710000000.0,197480000000.0,5.37
2025-09-26,3734590000000.0,188430000000.0,5.045
2025-09-27,3734390000000.0,189970000000.0,5.087
2025-09-28,3819910000000.0,190230000000.0,4.98
2025-09-29,3875880000000.0,194740000000.0,5.024
2025-09-30,3851800000000.0,198230000000.0,5.146
2025-10-01,4001210000000.0,196330000000.0,4.907
2025-10-02,4091580000000.0,203590000000.0,4.976
2025-10-03,4142630000000.0,207200000000.0,5.002
2025-10-04,4123390000000.0005,212880000000.0,5.163
2025-10-05,4150350000000.0005,210860000000.0,5.081
2025-10-06,4219050000000.0,212900000000.0,5.046
2025-10-07,4100800000000.0,219960000000.0,5.364
2025-10-08,4167330000000.0,218190000000.0,5.236
2025-10-09,4087430000000.0,215710000000.0,5.277
2025-10-10,3704340000000.0,211390000000.0,5.707
2025-10-11,3652750000000.0,192380000000.0,5.267
2025-10-12,3856190000000.0,187930000000.0,4.873
2025-10-13,3893760000000.0,200450000000.0,5.148
2025-10-14,3803490000000.0,202210000000.0,5.316
2025-10-15,3710580000000.0,195440000000.0,5.267
2025-10-16,3625080000000.0,194790000000.0,5.373
2025-10-17,3558560000000.0,191170000000.0,5.372
2025-10-18,3596570000000.0,187690000000.0,5.219
2025-10-19,3637500000000.0,188810000000.0,5.191
2025-10-20,3696310000000.0,189960000000.0,5.139
2025-10-21,3617620000000.0,193890000000.0,5.36
2025-10-22,3584380000000.0,188730000000.0,5.265
2025-10-23,3662290000000.0,186310000000.0,5.087
2025-10-24,3702020000000.0,189520000000.0,5.119
2025-10-25,3724930000000.0,190180000000.0,5.106
2025-10-26,3830260000000.0,191470000000.0,4.999
2025-10-27,3809840000000.0,196100000000.0,5.147
2025-10-28,3753670000000.0,195320000000.0,5.203
2025-10-29,3685840000000.0,192170000000.0,5.214
2025-10-30,3606750000000.0,190680000000.0,5.287
2025-10-31,3649810000000.0,187940000000.0,5.149
2025-11-01,3667290000000.0,191560000000.0,5.223
2025-11-02,3680150000000.0,193040000000.0,5.245
2025-11-03,3499050000000.0,192930000000.0,5.514
2025-11-04,3330510000000.0,183430000000.0,5.508
2025-11-05,3420970000000.0,176740000000.0,5.166
2025-11-06,3338420000000.0,181430000000.0,5.435
2025-11-07,3435970000000.0,178400000000.0,5.192
2025-11-08,3401000000000.0,186620000000.0,5.487
2025-11-09,3486680000000.0,185540000000.0,5.321
2025-11-10,3527100000000.0,190640000000.0,5.405
2025-11-11,3415870000000.0,190450000000.0,5.575
2025-11-12,3384250000000.0,185060000000.0,5.468
2025-11-13,3304950000000.0,183620000000.0,5.556
2025-11-14,3168660000000.0,179150000000.0,5.654
2025-11-15,3203670000000.0,177730000000.0,5.548
2025-11-16,3159010000000.0,178910000000.0,5.663
2025-11-17,3093450000000.0,177520000000.0,5.738
2025-11-18,3138480000000.0,174730000000.0,5.567
2025-11-19,3080680000000.0,176890000000.0,5.742
2025-11-20,2931490000000.0,174780000000.0,5.962
2025-11-21,2871150000000.0,168520000000.0,5.869
2025-11-22,2862520000000.0,164890000000.0,5.76
2025-11-23,2922600000000.0,165810000000.0,5.673
2025-11-24,2997550000000.0,167470000000.0,5.587
2025-11-25,2979410000000.0,170310000000.0,5.716
2025-11-26,3063500000000.0,169300000000.0,5.526
2025-11-27,3075420000000.0,172090000000.0,5.596
2025-11-28,3061640000000.0,172110000000.0,5.621
2025-11-29,3051350000000.0,171230000000.0,5.612
2025-11-30,3036760000000.0,170210000000.0,5.605
2025-12-01,2899980000000.0,163790000000.0,5.648
2025-12-02,3058040000000.0,162520000000.0,5.315
2025-12-03,3147190000000.0,169440000000.0,5.384
2025-12-04,3096770000000.0,174190000000.0,5.625
2025-12-05,3008270000000.0,171080000000.0,5.687
2025-12-06,3010600000000.0,167050000000.0,5.549
2025-12-07,3036150000000.0,167560000000.0,5.519
2025-12-08,3056450000000.0,168160000000.0,5.502
2025-12-09,3130930000000.0,169220000000.0,5.405
2025-12-10,3108260000000.0,171530000000.0,5.518
2025-12-11,3106540000000.0,166230000000.0,5.351
2025-12-12,3034000000000.0,169570000000.0,5.589
2025-12-13,3043350000000.0,166880000000.0,5.483
2025-12-14,2980330000000.0,168090000000.0,5.64
2025-12-15,2921170000000.0,165430000000.0,5.663
2025-12-16,2952600000000.0,162400000000.0,5.5
2025-12-17,2882030000000.0,163210000000.0,5.663
2025-12-18,2852160000000.0,160020000000.0,5.61
2025-12-19,2952440000000.0,159420000000.0,5.399
2025-12-20,2959650000000.0,164620000000.0,5.562
2025-12-21,2968210000000.0,164970000000.0,5.558
2025-12-22,2966730000000.0,165720000000.0,5.586
2025-12-23,2928880000000.0,164850000000.0,5.628
2025-12-24,2928830000000.0,163030000000.0,5.566
2025-12-25,2904890000000.0,163550000000.0,5.63
2025-12-26,2918660000000.0,161950000000.0,5.549
2025-12-27,2943710000000.0,163410000000.0,5.551
2025-12-28,2947470000000.0,164470000000.0,5.58
2025-12-29,2924160000000.0,165430000000.0,5.657
2025-12-30,2958130000000.0,164130000000.0,5.549
2025-12-31,2934650000000.0,165350000000.0,5.634
2026-01-01,2973650000000.0,164950000000.0,5.547
2026-01-02,3035650000000.0,166650000000.0,5.49
2026-01-03,3057120000000.0,169640000000.0,5.549
2026-01-04,3089540000000.0,169900000000.0,5.499
2026-01-05,3172020000000.0,173230000000.0,5.461
2026-01-06,3180390000000.0,174470000000.0,5.486
2026-01-07,3094220000000.0,175860000000.0,5.683
2026-01-08,3073030000000.0,171870000000.0,5.593
2026-01-09,3057860000000.0,171200000000.0,5.599
2026-01-10,3054340000000.0,171800000000.0,5.625
2026-01-11,3071020000000.0,171610000000.0,5.588
2026-01-12,3070520000000.0,171730000000.0,5.593
2026-01-13,3212480000000.0,171580000000.0,5.341
2026-01-14,3247450000000.0,178420000000.0,5.494
2026-01-15,3200000000000.0,178470000000.0,5.577
2026-01-16,3196860000000.0,176480000000.0,5.52
2026-01-17,3190640000000.0,176960000000.0,5.546
2026-01-18,3139700000000.0,177000000000.0,5.637
2026-01-19,3099790000000.0,172270000000.0,5.558
2026-01-20,2955040000000.0,172140000000.0,5.825
2026-01-21,2990960000000.0,164640000000.0,5.505
2026-01-22,2987640000000.0,167490000000.0,5.606
2026-01-23,2989040000000.0,166790000000.0,5.58
2026-01-24,2979510000000.0,167250000000.0,5.613
2026-01-25,2888260000000.0,166890000000.0,5.778
2026-01-26,2953700000000.0,163090000000.0,5.522
2026-01-27,2992780000000.0,165080000000.0,5.516
2026-01-28,2990240000000.0,167770000000.0,5.611
2026-01-29,2847130000000.0,167390000000.0,5.879
2026-01-30,2812880000000.0,161420000000.0,5.739
2026-01-31,2634040000000.0,159880000000.0,6.07
2026-02-01,2562820000000.0,151970000000.0,5.93
2026-02-02,2621170000000.0,148130000000.0,5.651
2026-02-03,2536600000000.0,149850000000.0,5.907
2026-02-04,2454940000000.0,147450000000.0,6.006
2026-02-05,2144380000000.0,142490000000.0,6.645
2026-02-06,2373380000000.0,126620000000.0,5.335
2026-02-07,2349200000000.0,138980000000.0,5.916
2026-02-08,2367740000000.0,137520000000.0,5.808
2026-02-09,2364720000000.0,136960000000.00002,5.792
2026-02-10,2319370000000.0,137680000000.0,5.936
2026-02-11,2266270000000.0,134320000000.0,5.927
2026-02-12,2251930000000.0,132080000000.00002,5.865
2026-02-13,2331180000000.0,131690000000.0,5.649
2026-02-14,2374170000000.0,134780000000.0,5.677
2026-02-15,2327250000000.0,136710000000.00002,5.874
2026-02-16,2336600000000.0,134720000000.0,5.766
2026-02-17,2302980000000.0,141740000000.0,6.154
2026-02-18,2267290000000.0,140480000000.0,6.196
2026-02-18,2267290000000.0,138540000000.0,6.11
2026-02-19,2377450000000.0,138880000000.0,5.841
