Timestamp,Date,Total Assets
1668211200000,2022-11-12,66866306222
1668297600000,2022-11-13,66380647081
1668384000000,2022-11-14,64391731756
1668470400000,2022-11-15,65538869154
1668556800000,2022-11-16,64994700806
1668643200000,2022-11-17,64159766357
1668729600000,2022-11-18,64919963997
1668816000000,2022-11-19,66072930527
1668902400000,2022-11-20,65723411228
1668988800000,2022-11-21,65558403362
1669075200000,2022-11-22,65429197233
1669161600000,2022-11-23,66014435799
1669248000000,2022-11-24,68310059297
1669334400000,2022-11-25,67509363060
1669420800000,2022-11-26,67291879451
1669507200000,2022-11-27,67995308743
1669593600000,2022-11-28,67614416548
1669680000000,2022-11-29,66450923457
1669766400000,2022-11-30,67872725800
1669852800000,2022-12-01,68534644250
1669939200000,2022-12-02,67466687534
1670025600000,2022-12-03,67868068295
1670112000000,2022-12-04,67397277310
1670198400000,2022-12-05,67553470782
1670284800000,2022-12-06,66850647581
1670371200000,2022-12-07,65713567602
1670457600000,2022-12-08,64883092035
1670544000000,2022-12-09,65571984216
1670630400000,2022-12-10,65163326391
1670716800000,2022-12-11,66223699600
1670803200000,2022-12-12,65715731303
1670889600000,2022-12-13,64247476769
1670976000000,2022-12-14,60566310275
1671062400000,2022-12-15,59839510617
1671148800000,2022-12-16,58945086909
1671235200000,2022-12-17,55806099965
1671321600000,2022-12-18,55789075901
1671408000000,2022-12-19,56215337686
1671494400000,2022-12-20,55607966261
1671580800000,2022-12-21,56146719833
1671667200000,2022-12-22,56016963720
1671753600000,2022-12-23,55752161909
1671840000000,2022-12-24,55455109813
1671926400000,2022-12-25,55440550911
1672012800000,2022-12-26,55199858863
1672099200000,2022-12-27,55097798166
1672185600000,2022-12-28,55065237943
1672272000000,2022-12-29,54732463304
1672358400000,2022-12-30,54782175793
1672444800000,2022-12-31,54781447416
1672531200000,2023-01-01,54436579874
1672617600000,2023-01-02,54385466547
1672704000000,2023-01-03,54805029777
1672790400000,2023-01-04,54678649315
1672876800000,2023-01-05,55795002282
1672963200000,2023-01-06,56381443558
1673049600000,2023-01-07,56278315120
1673136000000,2023-01-08,56292074381
1673222400000,2023-01-09,57346047661
1673308800000,2023-01-10,57758811369
1673395200000,2023-01-11,58380020001
1673481600000,2023-01-12,60180191406
1673568000000,2023-01-13,60836369832
1673654400000,2023-01-14,64032332258
1673740800000,2023-01-15,64442512822
1673827200000,2023-01-16,64409124723
1673913600000,2023-01-17,65048285870
1674000000000,2023-01-18,64704318065
1674086400000,2023-01-19,63873291323
1674172800000,2023-01-20,64766998806
1674259200000,2023-01-21,66807467880
1674345600000,2023-01-22,66860268098
1674432000000,2023-01-23,67412269572
1674518400000,2023-01-24,67428422741
1674604800000,2023-01-25,66319018608
1674691200000,2023-01-26,67473079248
1674777600000,2023-01-27,67328109089
1674864000000,2023-01-28,67943179912
1674950400000,2023-01-29,67705329516
1675036800000,2023-01-30,64605453853
1675123200000,2023-01-31,63100930839
1675209600000,2023-02-01,63731392441
1675296000000,2023-02-02,65726084838
1675382400000,2023-02-03,65426555991
1675468800000,2023-02-04,65534528371
1675555200000,2023-02-05,65298112632
1675641600000,2023-02-06,65005374663
1675728000000,2023-02-07,64511698931
1675814400000,2023-02-08,65519688656
1675900800000,2023-02-09,64796246433
1675987200000,2023-02-10,62606368159
1676073600000,2023-02-11,62816990891
1676160000000,2023-02-12,63070860333
1676246400000,2023-02-13,62816287316
1676332800000,2023-02-14,61537385853
1676419200000,2023-02-15,61948671607
1676505600000,2023-02-16,65240251064
1676592000000,2023-02-17,64068616226
1676678400000,2023-02-18,64989138745
1676764800000,2023-02-19,65285022050
1676851200000,2023-02-20,64738922798
1676937600000,2023-02-21,65298350321
1677024000000,2023-02-22,64444124637
1677110400000,2023-02-23,64041915385
1677196800000,2023-02-24,63561758522
1677283200000,2023-02-25,62778781737
1677369600000,2023-02-26,62761721218
1677456000000,2023-02-27,63573790366
1677542400000,2023-02-28,62890284854
1677628800000,2023-03-01,62336238929
1677715200000,2023-03-02,62867718163
1677801600000,2023-03-03,62314605863
1677888000000,2023-03-04,60950591330
1677974400000,2023-03-05,60573359613
1678060800000,2023-03-06,60560681763
1678147200000,2023-03-07,60423714171
1678233600000,2023-03-08,60390364843
1678320000000,2023-03-09,59224339513
1678406400000,2023-03-10,57023897627
1678492800000,2023-03-11,57165628181
1678579200000,2023-03-12,56761379122
1678665600000,2023-03-13,59625768258
1678752000000,2023-03-14,63164236272
1678838400000,2023-03-15,63914694981
1678924800000,2023-03-16,63486463444
1679011200000,2023-03-17,64746453011
1679097600000,2023-03-18,67385006272
1679184000000,2023-03-19,67080639221
1679270400000,2023-03-20,67366213680
1679356800000,2023-03-21,67323892216
1679443200000,2023-03-22,67214758369
1679529600000,2023-03-23,66222425710
1679616000000,2023-03-24,67176498048
1679702400000,2023-03-25,65936378647
1679788800000,2023-03-26,65903562760
1679875200000,2023-03-27,66322041562
1679961600000,2023-03-28,64585738572
1680048000000,2023-03-29,64578660238
1680134400000,2023-03-30,64846133115
1680220800000,2023-03-31,65397962449
1680307200000,2023-04-01,65544449212
1680393600000,2023-04-02,65272586996
1680480000000,2023-04-03,64755996851
1680566400000,2023-04-04,64312694684
1680652800000,2023-04-05,65367014138
1680739200000,2023-04-06,65158254593
1680825600000,2023-04-07,65013300169
1680912000000,2023-04-08,64555439596
1680998400000,2023-04-09,64350296467
1681084800000,2023-04-10,64770353365
1681171200000,2023-04-11,66133737786
1681257600000,2023-04-12,66566010419
1681344000000,2023-04-13,66566010419
1681430400000,2023-04-14,71924027852
1681516800000,2023-04-15,70203255425
1681603200000,2023-04-16,70371971209
1681689600000,2023-04-17,70044335426
1681776000000,2023-04-18,70058489909
1681862400000,2023-04-19,70885876012
1681948800000,2023-04-20,68112673672
1682035200000,2023-04-21,67535805066
1682121600000,2023-04-22,66320954476
1682208000000,2023-04-23,67671628134
1682294400000,2023-04-24,67964565800
1682380800000,2023-04-25,67966755266
1682467200000,2023-04-26,69057794444
1682553600000,2023-04-27,69384456564
1682640000000,2023-04-28,69003403437
1682726400000,2023-04-29,67778583048
1682812800000,2023-04-30,68132798997
1682899200000,2023-05-01,68758715689
1682985600000,2023-05-02,67633663110
1683072000000,2023-05-03,67968351555
1683158400000,2023-05-04,67963256193
1683244800000,2023-05-05,67436238797
1683331200000,2023-05-06,68221074225
1683417600000,2023-05-07,66697354246
1683504000000,2023-05-08,66296893606
1683590400000,2023-05-09,63906786196
1683676800000,2023-05-10,63782857595
1683763200000,2023-05-11,63206772367
1683849600000,2023-05-12,62556925260
1683936000000,2023-05-13,62511789190
1684022400000,2023-05-14,62507124865
1684108800000,2023-05-15,62725692729
1684195200000,2023-05-16,62920596170
1684281600000,2023-05-17,63033230660
1684368000000,2023-05-18,63302082271
1684454400000,2023-05-19,63124130760
1684540800000,2023-05-20,63974007663
1684627200000,2023-05-21,64596916945
1684713600000,2023-05-22,63670036690
1684800000000,2023-05-23,63890519017
1684886400000,2023-05-24,64352745387
1684972800000,2023-05-25,62930302825
1685059200000,2023-05-26,62822061356
1685145600000,2023-05-27,63455150411
1685232000000,2023-05-28,63888378272
1685318400000,2023-05-29,65165119796
1685404800000,2023-05-30,64566267359
1685491200000,2023-05-31,64795683948
1685577600000,2023-06-01,63847429176
1685664000000,2023-06-02,63594531066
1685750400000,2023-06-03,64346985435
1685836800000,2023-06-04,64115333012
1685923200000,2023-06-05,64194560446
1686009600000,2023-06-06,60671116027
1686096000000,2023-06-07,61501113019
1686182400000,2023-06-08,59162919777
1686268800000,2023-06-09,59059085163
1686355200000,2023-06-10,58473839714
1686441600000,2023-06-11,55958664107
1686528000000,2023-06-12,55780268801
1686614400000,2023-06-13,55119305914
1686700800000,2023-06-14,56034851402
1686787200000,2023-06-15,54795088224
1686873600000,2023-06-16,54934999887
1686960000000,2023-06-17,55530515352
1687046400000,2023-06-18,55917248266
1687132800000,2023-06-19,55818231790
1687219200000,2023-06-20,56287448031
1687305600000,2023-06-21,57667466238
1687392000000,2023-06-22,59647676530
1687478400000,2023-06-23,59043098470
1687564800000,2023-06-24,59741530340
1687651200000,2023-06-25,59390672726
1687737600000,2023-06-26,59599408566
1687824000000,2023-06-27,59185548204
1687910400000,2023-06-28,59282333593
1687996800000,2023-06-29,58292754212
1688083200000,2023-06-30,58876644086
1688169600000,2023-07-01,60141348347
1688256000000,2023-07-02,60387826349
1688342400000,2023-07-03,60509219711
1688428800000,2023-07-04,60925746242
1688515200000,2023-07-05,60477506921
1688601600000,2023-07-06,59871831771
1688688000000,2023-07-07,60976878068
1688774400000,2023-07-08,61375225031
1688860800000,2023-07-09,61735476821
1688947200000,2023-07-10,61475844752
1689033600000,2023-07-11,62312916633
1689120000000,2023-07-12,62728146086
1689206400000,2023-07-13,62188840336
1689292800000,2023-07-14,65643742478
1689379200000,2023-07-15,63780464942
1689465600000,2023-07-16,64125271095
1689552000000,2023-07-17,64009203040
1689638400000,2023-07-18,63982544490
1689724800000,2023-07-19,63356999307
1689811200000,2023-07-20,63423586279
1689897600000,2023-07-21,63130005668
1689984000000,2023-07-22,63083893317
1690070400000,2023-07-23,62829095656
1690156800000,2023-07-24,63252372141
1690243200000,2023-07-25,61998018025
1690329600000,2023-07-26,62059583653
1690416000000,2023-07-27,62539915737
1690502400000,2023-07-28,62748748241
1690588800000,2023-07-29,63077566148
1690675200000,2023-07-30,63179348830
1690761600000,2023-07-31,63140664833
1690848000000,2023-08-01,62668449507
1690934400000,2023-08-02,63752501527
1691020800000,2023-08-03,62936401603
1691107200000,2023-08-04,62762946367
1691193600000,2023-08-05,62366628290
1691280000000,2023-08-06,62895276382
1691366400000,2023-08-07,62771370877
1691452800000,2023-08-08,62409627949
1691539200000,2023-08-09,62982507075
1691625600000,2023-08-10,63695233062
1691712000000,2023-08-11,63361404229
1691798400000,2023-08-12,63498057081
1691884800000,2023-08-13,63429211217
1691971200000,2023-08-14,63178153374
1692057600000,2023-08-15,63388815425
1692144000000,2023-08-16,62741368214
1692230400000,2023-08-17,61847476575
1692316800000,2023-08-18,59051287304
1692403200000,2023-08-19,58816880477
1692489600000,2023-08-20,58954306151
1692576000000,2023-08-21,58962843517
1692662400000,2023-08-22,58384258621
1692748800000,2023-08-23,58181612257
1692835200000,2023-08-24,58781400009
1692921600000,2023-08-25,58474573628
1693008000000,2023-08-26,58249703402
1693094400000,2023-08-27,58280022546
1693180800000,2023-08-28,58314848920
1693267200000,2023-08-29,58431669222
1693353600000,2023-08-30,60394115232
1693440000000,2023-08-31,59969155493
1693526400000,2023-09-01,58585761960
1693612800000,2023-09-02,58007596677
1693699200000,2023-09-03,57875923253
1693785600000,2023-09-04,57846954090
1693872000000,2023-09-05,57625844780
1693958400000,2023-09-06,57738327880
1694044800000,2023-09-07,57624956428
1694131200000,2023-09-08,57968532393
1694217600000,2023-09-09,57373382824
1694304000000,2023-09-10,57229993116
1694390400000,2023-09-11,56938338045
1694476800000,2023-09-12,55909778693
1694563200000,2023-09-13,56740276228
1694649600000,2023-09-14,57020030707
1694736000000,2023-09-15,57303466722
1694822400000,2023-09-16,57719599053
1694908800000,2023-09-17,57480733007
1694995200000,2023-09-18,57227795246
1695081600000,2023-09-19,57614641993
1695168000000,2023-09-20,58084367556
1695254400000,2023-09-21,58053411378
1695340800000,2023-09-22,57352933490
1695427200000,2023-09-23,57529665141
1695513600000,2023-09-24,57349840761
1695600000000,2023-09-25,56864783975
1695686400000,2023-09-26,57076627289
1695772800000,2023-09-27,57112744481
1695859200000,2023-09-28,57082571705
1695945600000,2023-09-29,58203288306
1696032000000,2023-09-30,58130762027
1696118400000,2023-10-01,58250451327
1696204800000,2023-10-02,59282183175
1696291200000,2023-10-03,58575484712
1696377600000,2023-10-04,58052051022
1696464000000,2023-10-05,58120298507
1696550400000,2023-10-06,57642886115
1696636800000,2023-10-07,58152536353
1696723200000,2023-10-08,58080748912
1696809600000,2023-10-09,57189030912
1696896000000,2023-10-10,57148559198
1696982400000,2023-10-11,56758696351
1697068800000,2023-10-12,56515010443
1697155200000,2023-10-13,56420402455
1697241600000,2023-10-14,56607825814
1697328000000,2023-10-15,56582617677
1697414400000,2023-10-16,56965996591
1697500800000,2023-10-17,58137137825
1697587200000,2023-10-18,57720175205
1697673600000,2023-10-19,57231994919
1697760000000,2023-10-20,57465042634
1697846400000,2023-10-21,58799169623
1697932800000,2023-10-22,59263779403
1698019200000,2023-10-23,59830354103
1698105600000,2023-10-24,63315708497
1698192000000,2023-10-25,63361340149
1698278400000,2023-10-26,63328626679
1698364800000,2023-10-27,62992687086
1698451200000,2023-10-28,62572894274
1698537600000,2023-10-29,63786032730
1698624000000,2023-10-30,64205889566
1698710400000,2023-10-31,64650723309
1698796800000,2023-11-01,64398219401
1698883200000,2023-11-02,65735326319
1698969600000,2023-11-03,64453266368
1699056000000,2023-11-04,65501229066
1699142400000,2023-11-05,66477760977
1699228800000,2023-11-06,66373312080
1699315200000,2023-11-07,65917036038
1699401600000,2023-11-08,66889585194
1699488000000,2023-11-09,66410250444
1699574400000,2023-11-10,69591083999
1699660800000,2023-11-11,69915750349
1699747200000,2023-11-12,70240918360
1699833600000,2023-11-13,69956532150
1699920000000,2023-11-14,69170066151
1700006400000,2023-11-15,69601480256
1700092800000,2023-11-16,70729509556
1700179200000,2023-11-17,69177769454
1700265600000,2023-11-18,68968157970
1700352000000,2023-11-19,69118870727
1700438400000,2023-11-20,70328535902
1700524800000,2023-11-21,70515107624
1700611200000,2023-11-22,67654216256
1700697600000,2023-11-23,68295455528
1700784000000,2023-11-24,68526675202
1700870400000,2023-11-25,68475495444
1700956800000,2023-11-26,68591630988
1701043200000,2023-11-27,66715821598
1701129600000,2023-11-28,66721374781
1701216000000,2023-11-29,67294189959
1701302400000,2023-11-30,66881934607
1701388800000,2023-12-01,67614980510
1701475200000,2023-12-02,67848512119
1701561600000,2023-12-03,68724981244
1701648000000,2023-12-04,70882966069
1701734400000,2023-12-05,70031236789
1701820800000,2023-12-06,72622422917
1701907200000,2023-12-07,72737808316
1701993600000,2023-12-08,74343545264
1702080000000,2023-12-09,75474823176
1702166400000,2023-12-10,74921138093
1702252800000,2023-12-11,73415934670
1702339200000,2023-12-12,74136880550
1702425600000,2023-12-13,73816981461
1702512000000,2023-12-14,76040659153
1702598400000,2023-12-15,75557550303
1702684800000,2023-12-16,74974394730
1702771200000,2023-12-17,74439736102
1702857600000,2023-12-18,72373087197
1702944000000,2023-12-19,74763938531
1703030400000,2023-12-20,75506304359
1703116800000,2023-12-21,77444991508
1703203200000,2023-12-22,78125370538
1703289600000,2023-12-23,77954087086
1703376000000,2023-12-24,78705658048
1703462400000,2023-12-25,78271460950
1703548800000,2023-12-26,75208597084
1703635200000,2023-12-27,79099141401
1703721600000,2023-12-28,81381083937
1703808000000,2023-12-29,80149309387
1703894400000,2023-12-30,78707684207
1703980800000,2023-12-31,79891217234
1704067200000,2024-01-01,79693193548
1704153600000,2024-01-02,82688222672
1704240000000,2024-01-03,83086967445
1704326400000,2024-01-04,79969423991
1704412800000,2024-01-05,81228476046
1704499200000,2024-01-06,80680911293
1704585600000,2024-01-07,81121521647
1704672000000,2024-01-08,81222508248
1704758400000,2024-01-09,82981067665
1704844800000,2024-01-10,83148723816
1704931200000,2024-01-11,86149749944
1705017600000,2024-01-12,85314441525
1705104000000,2024-01-13,82450360490
1705190400000,2024-01-14,82968359836
1705276800000,2024-01-15,82988456577
1705363200000,2024-01-16,83564315018
1705449600000,2024-01-17,83300721705
1705536000000,2024-01-18,82471543485
1705622400000,2024-01-19,82111340726
1705708800000,2024-01-20,82111042792
1705795200000,2024-01-21,82384683637
1705881600000,2024-01-22,80730292586
1705968000000,2024-01-23,78235091618
1706054400000,2024-01-24,79524030050
1706140800000,2024-01-25,78937874295
1706227200000,2024-01-26,80048385997
1706313600000,2024-01-27,80441902661
1706400000000,2024-01-28,81387630012
1706486400000,2024-01-29,81012097683
1706572800000,2024-01-30,82156631952
1706659200000,2024-01-31,79706620858
1706745600000,2024-02-01,79220423084
1706832000000,2024-02-02,80347134906
1706918400000,2024-02-03,80586408550
1707004800000,2024-02-04,80296634709
1707091200000,2024-02-05,80548599114
1707177600000,2024-02-06,80081174602
1707264000000,2024-02-07,79838064504
1707350400000,2024-02-08,81833833598
1707436800000,2024-02-09,83941605269
1707523200000,2024-02-10,84035007939
1707609600000,2024-02-11,85247930915
1707696000000,2024-02-12,84202133009
1707782400000,2024-02-13,87078114346
1707868800000,2024-02-14,88385645116
1707955200000,2024-02-15,90161324677
1708041600000,2024-02-16,90417756782
1708128000000,2024-02-17,89720916866
1708214400000,2024-02-18,90134099277
1708300800000,2024-02-19,90080287775
1708387200000,2024-02-20,90057199363
1708473600000,2024-02-21,89098334977
1708560000000,2024-02-22,91442083741
1708646400000,2024-02-23,89977506667
1708732800000,2024-02-24,90826072354
1708819200000,2024-02-25,91198999910
1708905600000,2024-02-26,90900300458
1708992000000,2024-02-27,94070928856
1709078400000,2024-02-28,96052871158
1709164800000,2024-02-29,99949493210
1709251200000,2024-03-01,99199213489
1709337600000,2024-03-02,101412234423
1709424000000,2024-03-03,102259305783
1709510400000,2024-03-04,104117461661
1709596800000,2024-03-05,108018114033
1709683200000,2024-03-06,103828572089
1709769600000,2024-03-07,108194127144
1709856000000,2024-03-08,111977581860
1709942400000,2024-03-09,113880586122
1710028800000,2024-03-10,114507241575
1710115200000,2024-03-11,115623680326
1710201600000,2024-03-12,119647875879
1710288000000,2024-03-13,118798696504
1710374400000,2024-03-14,123849468328
1710460800000,2024-03-15,122989291796
1710547200000,2024-03-16,120856063331
1710633600000,2024-03-17,115158466501
1710720000000,2024-03-18,116676973259
1710806400000,2024-03-19,115594281976
1710892800000,2024-03-20,108792112209
1710979200000,2024-03-21,115857049888
1711065600000,2024-03-22,114879864595
1711152000000,2024-03-23,111790888189
1711238400000,2024-03-24,111871563507
1711324800000,2024-03-25,115094836947
1711411200000,2024-03-26,118640034536
1711497600000,2024-03-27,118782272169
1711584000000,2024-03-28,116761809142
1711670400000,2024-03-29,118612328240
1711756800000,2024-03-30,120011164131
1711843200000,2024-03-31,120078814832
1711929600000,2024-04-01,121608327980
1712016000000,2024-04-02,118762499250
1712102400000,2024-04-03,113421894962
1712188800000,2024-04-04,113394622358
1712275200000,2024-04-05,115847053444
1712361600000,2024-04-06,116708583815
1712448000000,2024-04-07,117426848489
1712534400000,2024-04-08,123695087902
1712620800000,2024-04-09,124022386342
1712707200000,2024-04-10,119885004530
1712793600000,2024-04-11,108419007718
1712880000000,2024-04-12,120547391779
1712966400000,2024-04-13,116094135528
1713052800000,2024-04-14,109211254736
1713139200000,2024-04-15,113654262578
1713225600000,2024-04-16,112436659989
1713312000000,2024-04-17,112565634076
1713398400000,2024-04-18,109281043598
1713484800000,2024-04-19,113128610457
1713571200000,2024-04-20,114182344865
1713657600000,2024-04-21,115537908863
1713744000000,2024-04-22,115640324101
1713830400000,2024-04-23,118862130323
1713916800000,2024-04-24,119336015992
1714003200000,2024-04-25,118571906487
1714089600000,2024-04-26,119176632447
1714176000000,2024-04-27,117208005092
1714348800000,2024-04-29,115839634778
1714435200000,2024-04-30,116566767246
1714521600000,2024-05-01,113160045902
1714608000000,2024-05-02,110618762679
1714694400000,2024-05-03,112274758579
1714780800000,2024-05-04,116455622130
1714867200000,2024-05-05,116796516025
1714953600000,2024-05-06,116811622990
1715040000000,2024-05-07,118639121194
1715126400000,2024-05-08,117645061810
1715212800000,2024-05-09,115681650112
1715299200000,2024-05-10,117488928942
1715385600000,2024-05-11,114563861672
1715472000000,2024-05-12,115103549776
1715558400000,2024-05-13,115290512735
1715644800000,2024-05-14,116894669082
1715731200000,2024-05-15,112014603912
1715817600000,2024-05-16,116708583087
1715904000000,2024-05-17,113675361483
1715990400000,2024-05-18,116064029189
1716076800000,2024-05-19,116142270854
1716163200000,2024-05-20,115102695191
1716249600000,2024-05-21,121112655532
1716336000000,2024-05-22,122847860579
1716422400000,2024-05-23,122417743063
1716508800000,2024-05-24,121295506760
1716595200000,2024-05-25,121605208017
1716681600000,2024-05-26,121959268083
1716768000000,2024-05-27,121746877584
1716854400000,2024-05-28,123184856115
1716940800000,2024-05-29,122006994858
1717027200000,2024-05-30,120808622527
1717113600000,2024-05-31,120566007253
1717200000000,2024-06-01,120166215929
1717286400000,2024-06-02,120798222896
1717372800000,2024-06-03,120037200407
1717459200000,2024-06-04,121519847550
1717545600000,2024-06-05,124048395865
1717632000000,2024-06-06,125081480787
1717718400000,2024-06-07,124440342770
1717804800000,2024-06-08,119961954629
1717891200000,2024-06-09,120166969246
1717977600000,2024-06-10,120721341895
1718064000000,2024-06-11,118796298802
1718150400000,2024-06-12,115127899202
1718236800000,2024-06-13,116910814066
1718323200000,2024-06-14,114464627433
1718409600000,2024-06-15,113350032430
1718496000000,2024-06-16,114393973704
1718582400000,2024-06-17,115421764119
1718668800000,2024-06-18,114066394877
1718755200000,2024-06-19,111802655275
1718841600000,2024-06-20,112189363237
1718928000000,2024-06-21,111668189309
1719014400000,2024-06-22,111070317670
1719100800000,2024-06-23,111004786765
1719187200000,2024-06-24,109820247977
1719273600000,2024-06-25,106609720289
1719360000000,2024-06-26,109098117095
1719446400000,2024-06-27,107960689708
1719532800000,2024-06-28,109247896548
1719619200000,2024-06-29,107478964081
1719705600000,2024-06-30,107879867197
1719792000000,2024-07-01,110553608338
1719878400000,2024-07-02,110519236841
1719964800000,2024-07-03,109870600203
1720051200000,2024-07-04,106719651743
1720137600000,2024-07-05,103855239315
1720224000000,2024-07-06,100771275679
1720310400000,2024-07-07,103724915473
1720396800000,2024-07-08,100889222428
1720483200000,2024-07-09,102227632828
1720569600000,2024-07-10,103352884448
1720656000000,2024-07-11,103576992879
1720742400000,2024-07-12,103664539571
1720828800000,2024-07-13,105471080999
1720915200000,2024-07-14,104958631756
1721001600000,2024-07-15,107871003300
1721088000000,2024-07-16,111845051709
1721174400000,2024-07-17,112657225587
1721260800000,2024-07-18,112752384823
1721347200000,2024-07-19,111929981697
1721433600000,2024-07-20,115141989797
1721520000000,2024-07-21,115648921506
1721606400000,2024-07-22,116560695875
1721692800000,2024-07-23,117145186810
1721779200000,2024-07-24,115808211694
1721865600000,2024-07-25,115278337465
1721952000000,2024-07-26,114215756639
1722038400000,2024-07-27,117202789870
1722124800000,2024-07-28,117918893509
1722211200000,2024-07-29,117068973107
1722297600000,2024-07-30,116350654248
1722384000000,2024-07-31,115084810467
1722470400000,2024-08-01,113529326104
1722556800000,2024-08-02,112362213359
1722643200000,2024-08-03,107802709197
1722729600000,2024-08-04,105543769743
1722816000000,2024-08-05,102319262835
1722902400000,2024-08-06,96871174865
1722988800000,2024-08-07,101821296058
1723075200000,2024-08-08,99838098419
1723161600000,2024-08-09,107161220171
1723248000000,2024-08-10,107391062770
1723334400000,2024-08-11,107920663605
1723420800000,2024-08-12,105191557277
1723507200000,2024-08-13,106455187223
1723593600000,2024-08-14,108259619005
1723680000000,2024-08-15,106050679961
1723766400000,2024-08-16,104185015209
1723852800000,2024-08-17,105939350532
1723939200000,2024-08-18,106837961698
1724025600000,2024-08-19,107353612670
1724112000000,2024-08-20,107101991973
1724198400000,2024-08-21,107731969292
1724284800000,2024-08-22,109548587776
1724371200000,2024-08-23,109837089496
1724457600000,2024-08-24,114333522104
1724544000000,2024-08-25,113789903567
1724630400000,2024-08-26,113879375722
1724716800000,2024-08-27,110557223117
1724803200000,2024-08-28,104922748541
1724889600000,2024-08-29,105225367591
1724976000000,2024-08-30,104958277742
1725062400000,2024-08-31,104796885601
1725148800000,2024-09-01,104754774432
1725235200000,2024-09-02,102495861988
1725321600000,2024-09-03,104835997025
1725408000000,2024-09-04,102746233871
1725494400000,2024-09-05,102283639100
1725580800000,2024-09-06,99772190059
1725667200000,2024-09-07,97180630650
1725753600000,2024-09-08,98241714072
1725840000000,2024-09-09,100038257117
1725926400000,2024-09-10,102794022610
1726012800000,2024-09-11,102848474209
1726099200000,2024-09-12,102732346193
1726185600000,2024-09-13,102974133208
1726272000000,2024-09-14,105149467740
1726358400000,2024-09-15,104503613309
1726444800000,2024-09-16,103892656559
1726531200000,2024-09-17,102380829480
1726617600000,2024-09-18,104484339999
1726704000000,2024-09-19,105162470229
1726790400000,2024-09-20,107469205215
1726876800000,2024-09-21,108362528884
1726963200000,2024-09-22,109089468647
1727049600000,2024-09-23,108216054143
1727136000000,2024-09-24,110856674225
1727222400000,2024-09-25,111801141501
1727308800000,2024-09-26,109741606138
1727395200000,2024-09-27,111255727814
1727481600000,2024-09-28,112816779520
1727568000000,2024-09-29,112247048711
1727654400000,2024-09-30,112710259072
1727740800000,2024-10-01,109550424036
1727827200000,2024-10-02,105261508322
1727913600000,2024-10-03,104006434580
1728000000000,2024-10-04,103834521683
1728086400000,2024-10-05,106110329007
1728172800000,2024-10-06,96021916136
1728259200000,2024-10-07,106705464654
1728345600000,2024-10-08,107410952086
1728432000000,2024-10-09,107278982869
1728518400000,2024-10-10,105673743253
1728604800000,2024-10-11,105261186455
1728691200000,2024-10-12,107653112455
1728777600000,2024-10-13,108011081773
1728864000000,2024-10-14,107158260068
1728950400000,2024-10-15,110984236037
1729036800000,2024-10-16,110653247820
1729123200000,2024-10-17,111681166162
1729209600000,2024-10-18,110993287197
1729296000000,2024-10-19,112306272121
1729382400000,2024-10-20,112070474505
1729468800000,2024-10-21,113974906029
1729555200000,2024-10-22,112508131345
1729641600000,2024-10-23,111854749252
1729728000000,2024-10-24,110086745696
1729814400000,2024-10-25,112069722964
1729900800000,2024-10-26,109654972994
1729987200000,2024-10-27,109443756531
1730073600000,2024-10-28,110752000818
1730160000000,2024-10-29,112516251127
1730246400000,2024-10-30,115367703865
1730332800000,2024-10-31,115185388549
1730419200000,2024-11-01,111858704884
1730505600000,2024-11-02,111535827803
1730592000000,2024-11-03,110689220811
1730678400000,2024-11-04,109627560151
1730764800000,2024-11-05,108499000171
1730851200000,2024-11-06,110794394400
1730937600000,2024-11-07,118854937075
1731024000000,2024-11-08,122826673428
1731110400000,2024-11-09,123185824916
1731196800000,2024-11-10,125715872796
1731283200000,2024-11-11,130666932201
1731369600000,2024-11-12,138475320246
1731456000000,2024-11-13,140953321686
1731542400000,2024-11-14,142714451200
1731628800000,2024-11-15,141840158215
1731715200000,2024-11-16,145410066527
1731801600000,2024-11-17,146455228147
1731888000000,2024-11-18,145783934354
1731974400000,2024-11-19,147843294839
1732060800000,2024-11-20,146415860163
1732147200000,2024-11-21,145978585954
1732233600000,2024-11-22,150881307597
1732320000000,2024-11-23,152606841983
1732406400000,2024-11-24,154503320415
1732492800000,2024-11-25,154709765846
1732579200000,2024-11-26,149664412808
1732665600000,2024-11-27,147427851936
1732752000000,2024-11-28,154154733332
1732838400000,2024-11-29,153448908694
1732924800000,2024-11-30,156358003930
1733011200000,2024-12-01,156549889322
1733097600000,2024-12-02,158705915667
1733184000000,2024-12-03,157789218828
1733270400000,2024-12-04,162981711325
1733356800000,2024-12-05,164199516656
1733443200000,2024-12-06,162019592652
1733616000000,2024-12-08,169222816215
1733702400000,2024-12-09,169947538466
1733788800000,2024-12-10,159461328505
1733875200000,2024-12-11,159530034076
1733961600000,2024-12-12,166188086979
1734048000000,2024-12-13,164972979788
1734134400000,2024-12-14,167726871176
1734220800000,2024-12-15,166461586714
1734307200000,2024-12-16,167327547684
1734393600000,2024-12-17,168438464142
1734480000000,2024-12-18,166172345289
1734566400000,2024-12-19,158812950372
1734652800000,2024-12-20,152972113309
1734739200000,2024-12-21,154342457566
1734825600000,2024-12-22,151668373052
1734912000000,2024-12-23,150211138817
1734998400000,2024-12-24,154545661506
1735084800000,2024-12-25,157723293755
1735171200000,2024-12-26,157619995557
1735257600000,2024-12-27,152190585006
1735344000000,2024-12-28,151588905522
1735430400000,2024-12-29,154230453166
1735516800000,2024-12-30,152692364261
1735603200000,2024-12-31,152567896869
1735689600000,2025-01-01,152429080492
1735776000000,2025-01-02,155048771037
1735862400000,2025-01-03,158060972930
1735948800000,2025-01-04,161130948145
1736035200000,2025-01-05,161651725692
1736121600000,2025-01-06,161060602425
1736208000000,2025-01-07,164162912450
1736294400000,2025-01-08,154901303514
1736380800000,2025-01-09,153016137081
1736467200000,2025-01-10,149471060324
1736553600000,2025-01-11,152331493754
1736640000000,2025-01-12,153363589304
1736726400000,2025-01-13,152238436114
1736812800000,2025-01-14,151344788254
1736899200000,2025-01-15,154478272596
1736985600000,2025-01-16,161089855751
1737072000000,2025-01-17,160187898175
1737158400000,2025-01-18,163568887847
1737244800000,2025-01-19,163184868345
1737331200000,2025-01-20,158273841169
1737417600000,2025-01-21,159059528626
1737504000000,2025-01-22,162766917004
1737590400000,2025-01-23,161460774682
1737676800000,2025-01-24,161647151148
1737763200000,2025-01-25,161562271297
1737849600000,2025-01-26,161807384710
1737936000000,2025-01-27,158739044658
1738022400000,2025-01-28,157201387165
1738108800000,2025-01-29,154399095860
1738195200000,2025-01-30,157355422176
1738281600000,2025-01-31,159416100224
1738368000000,2025-02-01,157711147541
1738454400000,2025-02-02,153348554328
1738540800000,2025-02-03,143131814049
1738627200000,2025-02-04,150959166347
1738713600000,2025-02-05,145074980471
1738800000000,2025-02-06,143521436529
1738886400000,2025-02-07,142236601073
1738972800000,2025-02-08,142237336845
1739059200000,2025-02-09,143333783699
1739145600000,2025-02-10,144124709452
1739232000000,2025-02-11,144428166097
1739318400000,2025-02-12,143610988883
1739404800000,2025-02-13,147873746573
1739491200000,2025-02-14,146219429612
1739577600000,2025-02-15,147209577063
1739664000000,2025-02-16,147140865293
1739750400000,2025-02-17,146373012365
1739836800000,2025-02-18,145719870590
1739923200000,2025-02-19,144132337890
1740009600000,2025-02-20,146337591083
1740096000000,2025-02-21,147386466800
1740182400000,2025-02-22,145114494818
1740268800000,2025-02-23,148123410521
1740355200000,2025-02-24,147271780637
1740441600000,2025-02-25,139098674988
1740528000000,2025-02-26,139136039319
1740614400000,2025-02-27,135466307339
1740700800000,2025-02-28,135251634496
1740787200000,2025-03-01,134390654685
1740873600000,2025-03-02,135718891174
1740960000000,2025-03-03,145927029832
1741046400000,2025-03-04,135063413893
1741132800000,2025-03-05,136123583107
1741219200000,2025-03-06,139145099017
1741305600000,2025-03-07,138656448019
1741392000000,2025-03-08,134982178460
1741478400000,2025-03-09,134494919088
1741564800000,2025-03-10,128118708652
1741651200000,2025-03-11,124858883091
1741737600000,2025-03-12,129198432683
1741824000000,2025-03-13,130014273988
1741910400000,2025-03-14,129286120976
1741996800000,2025-03-15,131916756985
1742083200000,2025-03-16,133568423525
1742169600000,2025-03-17,131367388365
1742256000000,2025-03-18,132889478477
1742342400000,2025-03-19,131950038007
1742428800000,2025-03-20,139689133873
1742515200000,2025-03-21,138830673677
1742601600000,2025-03-22,139262320847
1742688000000,2025-03-23,138911004807
1742774400000,2025-03-24,140437265901
1742860800000,2025-03-25,141748714078
1742947200000,2025-03-26,141315278470
1743033600000,2025-03-27,140556613982
1743120000000,2025-03-28,141275617405
1743206400000,2025-03-29,137694691714
1743292800000,2025-03-30,135036484751
1743379200000,2025-03-31,134025554690
1743465600000,2025-04-01,133080638371
1743552000000,2025-04-02,135074972282
1743638400000,2025-04-03,130711041633
1743724800000,2025-04-04,132161303598
1743811200000,2025-04-05,133256916490
1743897600000,2025-04-06,132740522643
1743984000000,2025-04-07,125041241560
1744070400000,2025-04-08,126686805268
1744156800000,2025-04-09,123502295874
1744243200000,2025-04-10,131268208339
1744329600000,2025-04-11,128558508897
1744416000000,2025-04-12,132654134119
1744502400000,2025-04-13,135682131941
1744588800000,2025-04-14,133225818460
1744675200000,2025-04-15,133818168069
1744761600000,2025-04-16,131689668608
1744848000000,2025-04-17,131792650228
1744934400000,2025-04-18,132884873249
1745020800000,2025-04-19,133162829486
1745107200000,2025-04-20,134108691261
1745193600000,2025-04-21,135045964271
1745280000000,2025-04-22,135267960843
1745366400000,2025-04-23,142283378045
1745452800000,2025-04-24,141984782566
1745539200000,2025-04-25,141496395985
1745625600000,2025-04-26,139741938581
1745712000000,2025-04-27,140437242781
1745798400000,2025-04-28,138954171960
1745884800000,2025-04-29,142704448080
1745971200000,2025-04-30,141675096709
1746057600000,2025-05-01,141034110224
1746144000000,2025-05-02,143197177787
1746230400000,2025-05-03,142820381235
1746316800000,2025-05-04,141519278359
1746403200000,2025-05-05,139252272573
1746489600000,2025-05-06,141299916359
1746576000000,2025-05-07,143389631002
1746662400000,2025-05-08,142483503314
1746748800000,2025-05-09,150077683712
1746835200000,2025-05-10,154789277738
1746921600000,2025-05-11,157929193622
1747008000000,2025-05-12,156734285127
1747094400000,2025-05-13,155369423952
1747180800000,2025-05-14,158220114678
1747267200000,2025-05-15,156608699385
1747353600000,2025-05-16,154743327975
1747440000000,2025-05-17,154403555068
1747526400000,2025-05-18,153104504709
1747612800000,2025-05-19,155896920003
1747699200000,2025-05-20,155486718817
1747785600000,2025-05-21,154909580196
1747872000000,2025-05-22,158260668085
1747958400000,2025-05-23,161155917085
1748044800000,2025-05-24,155956723723
1748131200000,2025-05-25,156108500114
1748217600000,2025-05-26,157160465886
1748304000000,2025-05-27,156939284832
1748390400000,2025-05-28,157162427534
1748476800000,2025-05-29,156135288960
1748563200000,2025-05-30,153837190090
1748649600000,2025-05-31,148696596540
1748736000000,2025-06-01,149586849734
1748822400000,2025-06-02,150392619142
1748908800000,2025-06-03,151592866275
1748995200000,2025-06-04,151278080148
1749081600000,2025-06-05,150270546592
1749168000000,2025-06-06,144972683983
1749254400000,2025-06-07,147735750046
1749340800000,2025-06-08,149230091557
1749427200000,2025-06-09,149140041673
1749513600000,2025-06-10,154654716609
1749600000000,2025-06-11,155686720471
1749686400000,2025-06-12,154231859454
1749772800000,2025-06-13,147412537228
1749859200000,2025-06-14,148848844798
1749945600000,2025-06-15,147953139520
1750032000000,2025-06-16,148449500175
1750118400000,2025-06-17,148722478727
1750204800000,2025-06-18,147030771277
1750291200000,2025-06-19,147021904486
1750377600000,2025-06-20,146751988262
1750464000000,2025-06-21,144387428334
1750550400000,2025-06-22,142724413535
1750636800000,2025-06-23,140962443624
1750723200000,2025-06-24,146334297153
1750809600000,2025-06-25,147466178953
1750896000000,2025-06-26,148242322785
1750982400000,2025-06-27,147574414608
1751068800000,2025-06-28,147879318419
1751155200000,2025-06-29,148858435508
1751241600000,2025-06-30,150695831401
1751328000000,2025-07-01,149493671164
1751414400000,2025-07-02,147135190810
1751500800000,2025-07-03,150626656270
1751587200000,2025-07-04,151727974216
1751673600000,2025-07-05,149260077726
1751760000000,2025-07-06,149343317346
1751846400000,2025-07-07,150520896532
1751932800000,2025-07-08,149135764013
1752019200000,2025-07-09,149882150345
1752105600000,2025-07-10,153177166384
1752192000000,2025-07-11,166947733879
1752278400000,2025-07-12,169281784206
1752364800000,2025-07-13,169112982526
1752451200000,2025-07-14,171834721897
1752537600000,2025-07-15,172394867188
1752624000000,2025-07-16,172884285904
1752710400000,2025-07-17,177268047994
1752796800000,2025-07-18,180352528297
1752883200000,2025-07-19,180878608181
1752969600000,2025-07-20,181371944506
1753056000000,2025-07-21,184742299149
1753142400000,2025-07-22,185720227171
1753228800000,2025-07-23,187536305573
1753315200000,2025-07-24,182779406420
1753401600000,2025-07-25,178816054574
1753488000000,2025-07-26,182482631773
1753574400000,2025-07-27,183277758826
1753660800000,2025-07-28,186906798403
1753747200000,2025-07-29,184464575631
1753833600000,2025-07-30,182709565853
1753920000000,2025-07-31,181821426546
1754006400000,2025-08-01,177856808752
1754092800000,2025-08-02,174225062312
1754179200000,2025-08-03,171296142609
1754265600000,2025-08-04,174823632515
1754352000000,2025-08-05,178546860159
1754438400000,2025-08-06,175814688524
1754524800000,2025-08-07,177661351208
1754611200000,2025-08-08,183984376311
1754697600000,2025-08-09,185254177072
1754784000000,2025-08-10,187779579421
1754870400000,2025-08-11,189493911426
1754956800000,2025-08-12,188321448434
1755043200000,2025-08-13,193774231789
1755129600000,2025-08-14,198730494963
1755216000000,2025-08-15,191443661320
1755302400000,2025-08-16,189481342150
1755388800000,2025-08-17,189525290510
1755475200000,2025-08-18,190274066617
1755561600000,2025-08-19,188516952372
1755648000000,2025-08-20,183406900015
1755734400000,2025-08-21,187760984780
1755820800000,2025-08-22,185250136460
1755907200000,2025-08-23,195144019568
1755993600000,2025-08-24,194011788493
1756080000000,2025-08-25,191202286600
1756166400000,2025-08-26,183434182796
1756252800000,2025-08-27,189255117094
1756339200000,2025-08-28,188986600629
1756425600000,2025-08-29,187718553754
1756512000000,2025-08-30,182486915700
1756598400000,2025-08-31,183275219659
1756684800000,2025-09-01,182322246988
1756771200000,2025-09-02,181681186337
1756857600000,2025-09-03,183910359028
1756944000000,2025-09-04,185471027153
1757030400000,2025-09-05,187485822668
1757116800000,2025-09-06,186824662348
1757203200000,2025-09-07,186889040818
1757289600000,2025-09-08,190711057639
1757376000000,2025-09-09,193118231498
1757462400000,2025-09-10,192560889800
1757548800000,2025-09-11,193482774654
1757635200000,2025-09-12,196890244474
1757721600000,2025-09-13,200723816524
1757808000000,2025-09-14,201115115614
1757894400000,2025-09-15,198890218042
1757980800000,2025-09-16,197099765371
1758067200000,2025-09-17,199598976902
1758153600000,2025-09-18,202190477606
1758240000000,2025-09-19,202184169149
1758326400000,2025-09-20,199659305135
1758412800000,2025-09-21,201560789161
1758499200000,2025-09-22,202324880997
1758585600000,2025-09-23,197158150391
1758672000000,2025-09-24,197065603670
1758758400000,2025-09-25,197477544827
1758844800000,2025-09-26,188427133319
1758931200000,2025-09-27,189971937019
1759017600000,2025-09-28,190229536422
1759104000000,2025-09-29,194740760494
1759190400000,2025-09-30,198232426904
1759276800000,2025-10-01,196329893725
1759363200000,2025-10-02,203590136474
1759449600000,2025-10-03,207201738745
1759536000000,2025-10-04,212879558904
1759622400000,2025-10-05,210863255412
1759708800000,2025-10-06,212904293119
1759795200000,2025-10-07,219960746419
1759881600000,2025-10-08,218194363691
1759968000000,2025-10-09,215706799374
1760054400000,2025-10-10,211394195538
1760140800000,2025-10-11,192377339673
1760227200000,2025-10-12,187927797102
1760313600000,2025-10-13,200445429250
1760400000000,2025-10-14,202210977041
1760486400000,2025-10-15,195438841376
1760572800000,2025-10-16,194790023758
1760659200000,2025-10-17,191170489322
1760745600000,2025-10-18,187688723492
1760832000000,2025-10-19,188806485807
1760918400000,2025-10-20,189962583820
1761004800000,2025-10-21,193888051187
1761091200000,2025-10-22,188734199079
1761177600000,2025-10-23,186305469501
1761264000000,2025-10-24,189516064863
1761350400000,2025-10-25,190181131627
1761436800000,2025-10-26,191469196749
1761523200000,2025-10-27,196102895167
1761609600000,2025-10-28,195318860081
1761696000000,2025-10-29,192173009563
1761782400000,2025-10-30,190680520336
1761868800000,2025-10-31,187936549046
1761955200000,2025-11-01,191558670415
1762041600000,2025-11-02,193041703717
1762128000000,2025-11-03,192929472860
1762214400000,2025-11-04,183434158619
1762300800000,2025-11-05,176735352285
1762387200000,2025-11-06,181427230040
1762473600000,2025-11-07,178397621901
1762560000000,2025-11-08,186620402604
1762646400000,2025-11-09,185537917570
1762732800000,2025-11-10,190643201388
1762819200000,2025-11-11,190449561796
1762905600000,2025-11-12,185064071064
1762992000000,2025-11-13,183620085886
1763078400000,2025-11-14,179150792407
1763164800000,2025-11-15,177732972439
1763251200000,2025-11-16,178905320816
1763337600000,2025-11-17,177516985835
1763424000000,2025-11-18,174729803400
1763510400000,2025-11-19,176893654408
1763596800000,2025-11-20,174781844242
1763683200000,2025-11-21,168518073322
1763769600000,2025-11-22,164885617413
1763856000000,2025-11-23,165809247098
1763942400000,2025-11-24,167465148636
1764028800000,2025-11-25,170307627213
1764115200000,2025-11-26,169296462333
1764201600000,2025-11-27,172090346161
1764288000000,2025-11-28,172108068391
1764374400000,2025-11-29,171233063582
1764460800000,2025-11-30,170211189006
1764547200000,2025-12-01,163786159154
1764633600000,2025-12-02,162523959633
1764720000000,2025-12-03,169444872576
1764806400000,2025-12-04,174191593675
1764892800000,2025-12-05,171082515036
1764979200000,2025-12-06,167052817510
1765065600000,2025-12-07,167557420939
1765152000000,2025-12-08,168164999958
1765238400000,2025-12-09,169221818204
1765324800000,2025-12-10,171526971795
1765411200000,2025-12-11,166225461377
1765497600000,2025-12-12,169565360456
1765584000000,2025-12-13,166875122011
1765670400000,2025-12-14,168086348796
1765756800000,2025-12-15,165432632925
1765843200000,2025-12-16,162404082621
1765929600000,2025-12-17,163206867105
1766016000000,2025-12-18,160019001623
1766102400000,2025-12-19,159415907367
1766188800000,2025-12-20,164623907270
1766275200000,2025-12-21,164972463064
1766361600000,2025-12-22,165718630166
1766448000000,2025-12-23,164848436164
1766534400000,2025-12-24,163026453089
1766620800000,2025-12-25,163550157054
1766707200000,2025-12-26,161954487337
1766793600000,2025-12-27,163410589048
1766880000000,2025-12-28,164473060494
1766966400000,2025-12-29,165429663881
1767052800000,2025-12-30,164133087161
1767139200000,2025-12-31,165345713349
1767225600000,2026-01-01,164949528075
1767312000000,2026-01-02,166654125199
1767398400000,2026-01-03,169636567122
1767484800000,2026-01-04,169896193590
1767571200000,2026-01-05,173234791495
1767657600000,2026-01-06,174468855617
1767744000000,2026-01-07,175858969638
1767830400000,2026-01-08,171869030145
1767916800000,2026-01-09,171204083919
1768003200000,2026-01-10,171802802617
1768089600000,2026-01-11,171613546090
1768176000000,2026-01-12,171729891072
1768262400000,2026-01-13,171578097411
1768348800000,2026-01-14,178420031524
1768435200000,2026-01-15,178470175435
1768521600000,2026-01-16,176477476623
1768608000000,2026-01-17,176964416970
1768694400000,2026-01-18,176999105820
1768780800000,2026-01-19,172272471286
1768867200000,2026-01-20,172144576998
1768953600000,2026-01-21,164644188789
1769040000000,2026-01-22,167486652409
1769126400000,2026-01-23,166788613543
1769212800000,2026-01-24,167249054015
1769299200000,2026-01-25,166885884334
1769385600000,2026-01-26,163088858143
1769472000000,2026-01-27,165079369897
1769558400000,2026-01-28,167768904981
1769644800000,2026-01-29,167392281338
1769731200000,2026-01-30,161418621455
1769817600000,2026-01-31,159877002804
1769904000000,2026-02-01,151969041180
1769990400000,2026-02-02,148133058030
1770076800000,2026-02-03,149849274703
1770163200000,2026-02-04,147453386661
1770249600000,2026-02-05,142487122156
1770336000000,2026-02-06,126622329917
1770422400000,2026-02-07,138977277184
1770508800000,2026-02-08,137516036210
1770595200000,2026-02-09,136964527186
1770681600000,2026-02-10,137681313721
1770768000000,2026-02-11,134322532477
1770854400000,2026-02-12,132077456711
1770940800000,2026-02-13,131690647420
1771027200000,2026-02-14,134782175021
1771113600000,2026-02-15,136713838059
1771200000000,2026-02-16,134717459855
1771286400000,2026-02-17,141735542455
1771372800000,2026-02-18,140480523478
1771455131000,2026-02-18,138542496571