Name,Assets,Clean Assets,24h Inflows,7d Inflows,1m Inflows,Spot Volume,24h Open Interest,Avg Leverage,Custom range Inflows,Auditor,Last audit date
Binance,139143097405.1201,117637950971.39244,-36853920.3430694,2852485990.082434,1715560373.3271072,3911467383.197025,19377806749.83484,0.16472410977769575,,,
OKX,17503442114.40229,17493832147.375088,-20569193.16691872,-112248324.73036213,-1020202029.3404136,695992917.9552705,6378339990.925813,0.3646050755027319,,,
Bybit,15104447797.299425,13465926806.612604,26964463.451519717,127214033.4082255,-170617756.10918218,1088760455.306692,9667167787.265692,0.7178984355178964,,,
Robinhood,12144520602.367199,12144520602.367199,10464.959864195798,131634.79509767747,856129.1268130266,,,,,,
Bitfinex,17308296642.964947,11916024673.881248,-27808197.937742542,-1246214.9583403724,1558609834.3685725,246181917.08250564,1050228152.6955042,0.08813578197748287,,,
HTX,5599748252.087098,5577194292.477027,33026777.895255804,-26457329.543915812,25369509.402113706,734752887.6286372,3439648485.3782344,0.6167345631149899,,,
Bitget,5940472138.610062,5369096856.678318,7724693.639469822,99564858.07022312,668814855.4750341,660703607.2344252,5729950816.083107,1.067209433734827,,,
Gemini,5124025133.263671,5124025133.263671,1040574.3192399614,-77132910.90174156,-309148425.34102285,13572603.685189405,,,,,
Gate,4787845613.514845,4350743949.010445,3837481.6198362145,42074663.33762762,35335501.03220935,1217020108.5572534,10272857217.086748,2.3611725574940485,,,
Deribit,3953507327.9904957,3953507327.9904957,-3377892.7492923443,9892543.789617557,439828366.4527858,,3347225877.8654904,0.846647192017937,,,
MEXC,4495330552.355289,3895012452.693206,4392884.464582449,47637113.62067229,122867534.12058215,1210743324.3184445,7533040303.324323,1.9340221359537895,,,
KuCoin,3073686350.1280427,2471465931.8206367,-928687.2782135698,27050514.669383362,-7657155.144241371,804900248.7917013,1580189292.7370057,0.6393732854625834,,,
Crypto.com,2206145220.3063765,2096024347.6695347,14277465.318517355,11674773.263711061,-91812978.33131772,533860917.72419435,1443035866.7683387,0.6884633131159849,,,
HashKey Exchange,1377268728.5676856,1377268728.5676856,4957123.916837337,10422071.33723151,197814870.28247806,,,,,,
Bitkub,1226610242.5139937,1226610242.5139937,-1189646.0965951318,10455438.554723091,32749675.774772555,,,,,,
Bitmex,1147532123.0814815,1147532123.0814815,-168692.3129719685,-1406898.468814273,12153135.86833147,64602.374713713216,497987242.9765567,0.4339636625067242,,,
Bitstamp,1141276932.5711477,1141276932.5711477,2924534.2294741417,21358758.069649804,88556865.7861338,149983077.82788995,,,,,
SwissBorg,866742977.9375904,711243642.4950738,-323926.2583708526,7768884.285763974,17233775.836750563,,,,,,
Korbit,613229227.9928025,613229227.9928025,-108720.0784561557,2221052.891598362,2386597.825562917,254321243.0798872,,,,,
BingX,607495017.8956038,607495017.8956038,14901.383686581885,-4127873.8529198654,-10777748.016007053,554692545.5517571,,,,,
OSL HK,603290816.7552902,603290816.7552902,109885.67220347161,5565896.502559062,30403348.409108575,,,,,,
Indodax,404297575.1159625,404297575.1159625,-71978.8416036792,1028114.9727232698,-2109177.9386702725,9865778.142704047,,,,,
Phemex,357086402.4549558,357086402.4549558,-322856.20996333763,5017353.446088152,-24928718.432426058,501619238.1149951,2799651986.4860587,7.840264897342926,,,
NEXO,355957717.59819865,355957717.59819865,5910200.444847153,-11880582.917367524,31532190.65826387,,,,,,
Backpack,330060027.6200439,330060027.6200439,4019840.1683258186,8802154.533844983,18736213.033774056,,,,,,
Bitrue,190927836.94752455,190927836.94752455,-491947.9065843486,-1003417.7747526714,-7288350.68812781,267802262.90645692,271024901.6037952,1.4195148593145424,,,
VALR,188078830.08123612,188078830.08123612,-832668.6354064994,-8707643.116509859,-8723155.939371072,2173953.726928158,,,,,
CoinEx,165311173.60230184,165311173.60230184,82714.81727172682,965448.2737588286,13867834.165558344,58339159.0744029,232748068.4863356,1.407939121201029,,,
Biconomy.com,145288802.5197925,145288802.5197925,0,0,105094598.00177182,,,,,,
CoinDCX,138001839.71151465,138001839.71151465,1255.2268547267745,19982.78513023314,-10513897.938648287,1557335.974702062,,,,,
BloFin,127072932.0328422,127072932.0328422,33981.274808924005,11143647.208648663,-5273071.189007695,,,,,,
Bitunix,88242084.03683922,88242084.03683922,0,0,-9077463.642153673,233998150.14147413,,,,,
BYDFi,85584059.30569611,85584059.30569611,40878.99375114349,-130338.02964058277,1398265.125627639,93241143.95386373,4286784129.8439016,50.08858150245032,,,
Ourbit,84809419.4003207,84809419.4003207,67739.20720784318,-340403.57074740506,-3662811.422073364,560228823.4485911,,,,,
Toobit,64411702.45343697,64411702.45343697,0,0,0.009995925954638852,675064182.8199861,,,,,
Coin8,49477228.0494441,49477228.0494441,0,334610.94829011586,185361.6238862722,,,,,,
Flipster,46895673.58998328,46895673.58998328,-191722.65621354533,-1858879.4190954291,-9898416.740916649,,,,,,
OSL,46127353.14239817,46127353.14239817,-242567.26624368425,3277138.72951871,16866359.35305214,,,,,,
Gate US,45872097.49093946,45872097.49093946,-249928.93458206626,-1319234.3931237545,-8544714.776713168,,,,,,
BigONE,41310573.0987165,41310573.0987165,-8388.404352398145,466876.22519784747,-2996356.178359417,195537013.17009297,,,,,
Byte Exchange,37684344.9611539,37684344.9611539,0,0,-4469855.97914992,6549548.940590245,,,,,
OrangeX,33468722.57493615,33468722.57493615,0,0,0.012943318860074842,786717065.7003279,,,,,
Pionex,32707534.59681675,32707534.59681675,-15768.340328416198,304532.0815899453,748987.8194294346,1555099080.4745917,,,,,
Zoomex,30953774.412960183,30953774.412960183,110678.70320284524,987357.7775674257,-8109356.979241434,323951745.520377,,,,,
BitKan,26842697.064877942,26842697.064877942,26446.87212475221,-1713419.9473387108,-9820344.751251722,86004816.77773562,,,,,
BitVenus,23566482.523873456,23566482.523873456,97572.93148011898,-201775.18511397697,2513105.314297419,,,,,,
Okcoin,20285515.724038824,20285515.724038824,-16.436724595758168,-19786.746007369533,-53837.33851484193,,,,,,
WEEX,19832462.605387166,19832462.605387166,-256112.41462007695,2776754.477891002,-16230847.3271093,1142315182.139994,5796115123.618861,292.25392927474576,,,
Hibt,19331719.55377303,19331719.55377303,27889.943929941077,343767.34916594543,151232.13001523798,424009116.6727656,,,,,
BitMart,16567856.166826205,16567856.166826205,1077208.0260451883,653901.4727293483,12556966.502492491,1711702787.252416,5610953649.150917,338.66503865392804,,,
Bitlo,16553869.003435012,16553869.003435012,386.0863610937572,3061.6832504458334,-117245.56980438519,1206856.2158192247,,,,,
Coinsquare,14551966.439366944,14551966.439366944,0,73695.59192554996,2569343.5122197913,,,,,,
Tothemoon,13068522.903116433,13068522.903116433,-593806.86394783,2867582.8801903115,4294597.472287337,,,,,,
HashKey Global,12880395.446337316,12880395.446337316,-1848.7336309200855,-21026.517127527397,-850351.857055069,682697.4033664005,,,,,
LBank,12372581.469816063,12372581.469816063,-842148.8553954532,-758556.5596346478,2507901.84591341,1403726449.302027,,,,,
CEX.IO,10196938.501447128,10196938.501447128,-185705.74971743202,205296.91508488933,-1420493.6474802203,3670807.8169599753,,,,,
LeveX,9379851.45472033,9379851.45472033,2613.5710038788743,-107186.13630881501,170836.31552660558,11549385.473146876,79208492.3009029,8.444535895186476,,,
Hotcoin,7030819.087075347,7030819.087075347,-47262.99292467275,-253551.48985344224,-567116.7404813279,,,,,,
ProBit Global,6742399.316865612,6742399.316865612,-2394.601730271747,-379676.54794011306,-889399.1411432016,,,,,,
Fastex,9411260.022817077,6690668.810390896,-71205.70682685247,1058595.0938946581,-541995.4374116162,53089371.33743197,,,,,
P2PB2B,4523488.197944239,4523488.197944239,0,-1500.0709314109433,2315.015425625383,385909999.0738924,,,,,
Exmo,3638836.1328380667,3638836.1328380667,-65729.44519081888,-22030.588715342645,843145.3831417591,91133267.9433085,,,,,
BiTomato,2442212.099299946,2442212.099299946,0,0,0.009998576676643499,,,,,,
WOO X,2676850.997130804,2228137.460350776,-182340.49495396644,-1579809.0598039804,-2637893.215809866,677257.5224705,,,,,
Arkham Exchange,2013706.7814777466,2013706.7814777466,-4832.698235477692,-12561185.832600558,-23513805.261150435,,,,,,
NBX,1427925.73278943,1427925.73278943,-11600.324533904823,157475.6594828189,-316470.2079675259,12193.386079154772,,,,,
BTSE,1348487.8514603057,1348487.8514603057,0,0,0,610131189.3659556,,,,,
NonKYC,5528206.583195208,1155769.882511259,-42381.33925485695,-59932.423921469504,-56653.861165398856,15271265.850582892,,,,,
Bake.io,744661.2306615994,744661.2306615994,0,41519.87055455751,144676.94313625759,,,,,,
Latoken,285081.99953888316,285081.99953888316,-1.372628297963928,-31966.57977115846,-24753.494948496227,94769455.79537757,,,,,
CoinW,272021.0223875137,272021.0223875137,0,-128165.81011165082,-584434.2618973735,1388060230.2978585,,,,,
TradeOgre,69690.39054318285,69690.39054318285,0,0,69395.63513495853,,,,,,
Hotbit,65956.13805996696,65956.13805996696,0,0,-71945.53950381013,,,,,,
Klever Exchange,56680.198228076704,56680.198228076704,0,0,0,,,,,,
Tapbit,15522.019844720231,15522.019844720231,0,0,0,847246452.2543064,,,,,
Kraken,12022.688043114043,12022.688043114043,0,-31263154.7931778,-64419219.6956294,335940644.8984501,238373305.73358905,19826.95590859289,,,
Bitcointry,3195.636371191883,3191.354186583194,0,0,0,,,,,,
MaskEX,3021.149282172793,3021.149282172793,0,0,-13192.957432455081,,,,,,
Firi,28.86671209402121,28.86671209402121,0,0,0,,,,,,
BitMake,,,,,,,,,,,
Coinbase,,,,,,681683869.288143,,,,Deloitte,1640908800
Coinone,,,,,,239488411.27358148,,,,,1666369050
Coincheck,,,,,,20651788.122342575,,,,,
Bithumb,,,,,,397089128.35817724,,,,,
Poloniex,,,,,,548874463.2287621,,,,,
Upbit,,,,,,1178353780.2111642,,,,,
Bittrex,,,,,,,,,,,
AscendEX,,,,,,1348291414.8743038,51940724.55129995,,,,
bitFlyer,,,,,,20392155.058788367,0,,,,
BKEX,,,,,,,,,,,
BTCEX,,,,,,,,,,,
BTCC,,,,,,1431694964.3436086,,,,,
Deepcoin,,,,,,115706506.45883285,,,,,
Voyager,0,0,0,0,0,,,,,,
GroveX,,,,,,943400763.0220282,,,,,